,ARIMA,LSTM
mean of time,0.280633727,0.324993331
Total,22.17006443,25.67447315
