,ARIMA,LSTM
mean of time,0.280633727,0.324993331
Total,141.4393985,163.7966387
